row_type,rule_id,rule_name,kind,trigger_field,trigger_value,transaction_type,section,document_name,required,action,note,vault_filename
standard_doc,10011,Standard Listing Checklist,standard,transactionType,Listing,listing,Listing Agreement Documents,[AD] Disclosure Regarding Real Estate Agency Relationships,true,,,
standard_doc,10011,Standard Listing Checklist,standard,transactionType,Listing,listing,Listing Agreement Documents,[RLA] Residential Listing Agreement,true,,,
standard_doc,10011,Standard Listing Checklist,standard,transactionType,Listing,listing,Listing Agreement Documents,[MLSA] Multiple Listing Service Addendum,true,,,
standard_doc,10011,Standard Listing Checklist,standard,transactionType,Listing,listing,Listing Agreement Documents,[BCA] Broker Compensation Advisory,true,,,
standard_doc,10011,Standard Listing Checklist,standard,transactionType,Listing,listing,Listing Agreement Documents,[PRBS] Possible Representation of more than one Buyer or Seller,true,,,
standard_doc,10011,Standard Listing Checklist,standard,transactionType,Listing,listing,Listing Agreement Documents,[FHDA] Fair Housing & Discrimination Advisory,true,,,
standard_doc,10011,Standard Listing Checklist,standard,transactionType,Listing,listing,Listing Agreement Documents,[SA] Seller's Advisory,true,,,
standard_doc,10011,Standard Listing Checklist,standard,transactionType,Listing,listing,Listing Agreement Documents,[CCPA] California Consumer Privacy Act Advisory,true,,,
standard_doc,10011,Standard Listing Checklist,standard,transactionType,Listing,listing,Listing Disclosures,[Compass ABAD] Compass Affiliated Business Arrangement Disclosure,true,,Duplicate w/checklist below. Only needs to be signed by Seller once,
standard_doc,10011,Standard Listing Checklist,standard,transactionType,Listing,listing,Listing Disclosures,[Compass ARVR]  Advisory Regarding Vendor / Service Provider Recommendations,true,,,
standard_doc,10011,Standard Listing Checklist,standard,transactionType,Listing,listing,Listing Disclosures,[DIA] Disclosure Information Advisory,true,,,
standard_doc,10011,Standard Listing Checklist,standard,transactionType,Listing,listing,Listing Disclosures,[MCA] Market Conditions Advisory,true,,Duplicate w/checklist below. Only needs to be signed by Seller once,
standard_doc,10011,Standard Listing Checklist,standard,transactionType,Listing,listing,Listing Disclosures,[WFA] Wire Fraud Advisory,true,,,
standard_doc,10011,Standard Listing Checklist,standard,transactionType,Listing,listing,Listing Disclosures,[CMA] Comparative Market Analysis,true,,,
standard_doc,10011,Standard Listing Checklist,standard,transactionType,Listing,listing,Listing Disclosures,NHD Invoice,true,,,
standard_doc,10011,Standard Listing Checklist,standard,transactionType,Listing,listing,Listing Disclosures,Preliminary Title Report,true,,,
standard_doc,10011,Standard Listing Checklist,standard,transactionType,Listing,listing,Listing Disclosures,Realist Property Details,true,,Duplicate w/checklist below. Only needs to be signed by Seller once,
standard_doc,10011,Standard Listing Checklist,standard,transactionType,Listing,listing,Listing Disclosures,Compass Seller Acknowledgement of Obligation to Secure Belongings,true,,,
standard_doc,10011,Standard Listing Checklist,standard,transactionType,Listing,listing,Listing Disclosures,MLS Printout,true,,,
standard_doc,10011,Standard Listing Checklist,standard,transactionType,Listing,listing,Listing Disclosures,Rejected Offer 1,true,,,
standard_doc,10011,Standard Listing Checklist,standard,transactionType,Listing,listing,Seller Disclosures - Questionnaires,[TDS] Transfer Disclosure Statement,true,,,
standard_doc,10011,Standard Listing Checklist,standard,transactionType,Listing,listing,Seller Disclosures - Questionnaires,[AVID] Agent Visual Inspection Disclosure - Listing Agent,true,,,
standard_doc,10011,Standard Listing Checklist,standard,transactionType,Listing,listing,Seller Disclosures - Questionnaires,[SPQ] Seller Property Questionnaire,true,,,
standard_doc,10011,Standard Listing Checklist,standard,transactionType,Listing,listing,Seller Disclosures - Inspection Reports,Home Inspection,true,,,
standard_doc,10011,Standard Listing Checklist,standard,transactionType,Listing,listing,Seller Disclosures - Inspection Reports,Pest Inspection,true,,,
standard_doc,10011,Standard Listing Checklist,standard,transactionType,Listing,listing,Seller Disclosures - Inspection Reports,<Other inspection reports>,true,,,
standard_doc,10011,Standard Listing Checklist,standard,transactionType,Listing,listing,Seller Disclosures - Preliminary Title Report,Preliminary Title Report,true,,,
standard_doc,10011,Standard Listing Checklist,standard,transactionType,Listing,listing,Seller Disclosures - Preliminary Title Report,Prelim Links (#),true,,,
standard_doc,10011,Standard Listing Checklist,standard,transactionType,Listing,listing,Seller Disclosures - Property Specific,[NHD] Natural Hazard Disclosure Report,true,,,
standard_doc,10011,Standard Listing Checklist,standard,transactionType,Listing,listing,Seller Disclosures - Property Specific,[SFLS] Square Footage and Lot Size Advisory,true,,,
standard_doc,10011,Standard Listing Checklist,standard,transactionType,Listing,listing,Seller Disclosures - Property Specific,Realist Property Details,true,,,
standard_doc,10011,Standard Listing Checklist,standard,transactionType,Listing,listing,Seller Disclosures - Standard (not property specific),[MCA] Market Conditions Advisory,true,,,
standard_doc,10011,Standard Listing Checklist,standard,transactionType,Listing,listing,Seller Disclosures - Standard (not property specific),[SBSA] Statewide Buyer & Seller Advisory,true,,,
standard_doc,10011,Standard Listing Checklist,standard,transactionType,Listing,listing,Seller Disclosures - Standard (not property specific),County Disclosures and Disclaimers Advisory,true,,,
standard_doc,10011,Standard Listing Checklist,standard,transactionType,Listing,listing,Seller Disclosures - Standard (not property specific),[WFDA] Wildfire Disaster Advisory,true,,,
standard_doc,10011,Standard Listing Checklist,standard,transactionType,Listing,listing,Seller Disclosures - Standard (not property specific),[Compass ABAD] Affiliated Business Arrangement Disclosure,true,,,
standard_doc,10011,Standard Listing Checklist,standard,transactionType,Listing,listing,Seller Disclosures - Standard (not property specific),[Compass EHA] Environmental Hazards Advisory,true,,,
standard_doc,10011,Standard Listing Checklist,standard,transactionType,Listing,listing,Seller Disclosures - Standard (not property specific),"[Compass PTR] Buyer Preliminary Title Report (""PTR"") Advisory",true,,,
standard_doc,10011,Standard Listing Checklist,standard,transactionType,Listing,listing,Seller Disclosures - Standard (not property specific),[Compass RFL] Receipt to Links for Booklets,true,,,
standard_doc,10011,Standard Listing Checklist,standard,transactionType,Listing,listing,Seller Disclosures - Standard (not property specific),"[Compass WRSC] California Water Restrictions, Shortages, and Conservation Advisory",true,,,
standard_doc,10011,Standard Listing Checklist,standard,transactionType,Listing,listing,Buyer Inspection Reports,Buyer's Home Inspection,true,,,
standard_doc,10011,Standard Listing Checklist,standard,transactionType,Listing,listing,Buyer Inspection Reports,Buyer's Pest Inspection,true,,,
standard_doc,10011,Standard Listing Checklist,standard,transactionType,Listing,listing,Buyer Inspection Reports,[BIW] Buyer Inspection Waiver,true,,,
standard_doc,10011,Standard Listing Checklist,standard,transactionType,Listing,listing,Buyer Inspection Reports,<Enter Additional Buyer Inspection Reports Here>,true,,,
standard_doc,10011,Standard Listing Checklist,standard,transactionType,Listing,listing,Other In-Escrow Disclosures and Reports,[Updated Prelim] Updated Preliminary Title Report,true,,,
standard_doc,10011,Standard Listing Checklist,standard,transactionType,Listing,listing,Other In-Escrow Disclosures and Reports,[AVID] Agent Visual Inspection Disclosure - Buyer's Agent,true,,,
standard_doc,10011,Standard Listing Checklist,standard,transactionType,Listing,listing,Other In-Escrow Disclosures and Reports,[CMA] Comparative Market Analysis,true,,Buyer files only,
standard_doc,10011,Standard Listing Checklist,standard,transactionType,Listing,listing,Contingencies,Investigation,true,,,
standard_doc,10011,Standard Listing Checklist,standard,transactionType,Listing,listing,Contingencies,Insurance,true,,,
standard_doc,10011,Standard Listing Checklist,standard,transactionType,Listing,listing,Contingencies,Review of Seller Documents,true,,,
standard_doc,10011,Standard Listing Checklist,standard,transactionType,Listing,listing,Contingencies,Review of Prelim,true,,,
standard_doc,10011,Standard Listing Checklist,standard,transactionType,Listing,listing,Contingencies,Review of Common Interest Disclosures,true,,,
standard_doc,10011,Standard Listing Checklist,standard,transactionType,Listing,listing,Contingencies,Appraisal,true,,,
standard_doc,10011,Standard Listing Checklist,standard,transactionType,Listing,listing,Contingencies,Loan,true,,,
standard_doc,10011,Standard Listing Checklist,standard,transactionType,Listing,listing,Contingencies,Other Contingencies,true,,,
standard_doc,10011,Standard Listing Checklist,standard,transactionType,Listing,listing,Contingencies,Full Contingency Removals,true,,,
standard_doc,10011,Standard Listing Checklist,standard,transactionType,Listing,listing,Final Contract Documents,Home Warranty Order Verification,true,,,
standard_doc,10011,Standard Listing Checklist,standard,transactionType,Listing,listing,Final Contract Documents,[VP] Verification of Property Condition,true,,,
standard_doc,10011,Standard Listing Checklist,standard,transactionType,Listing,listing,Final Contract Documents,Title Verification of FIRPTA/QS/AS-FIRPTA,true,,,
standard_doc,10011,Standard Listing Checklist,standard,transactionType,Listing,listing,Final Contract Documents,Final Settlement Statement,true,,,
standard_doc,10011,Standard Listing Checklist,standard,transactionType,Listing,listing,Final Contract Documents,AUTOMATED COLOR CODING LISTED BELOW,true,,,
standard_doc,10011,Standard Listing Checklist,standard,transactionType,Listing,listing,Final Contract Documents,Needs S,true,,Bright Green,
standard_doc,10011,Standard Listing Checklist,standard,transactionType,Listing,listing,Final Contract Documents,OFS to S,true,,Pale Green,
standard_doc,10011,Standard Listing Checklist,standard,transactionType,Listing,listing,Final Contract Documents,N/A,true,,"Dark Grey, Crossed Out",
standard_doc,10011,Standard Listing Checklist,standard,transactionType,Listing,listing,Final Contract Documents,Needs B,true,,Bright Green,
standard_doc,10011,Standard Listing Checklist,standard,transactionType,Listing,listing,Final Contract Documents,OFS to B,true,,Pale Green,
standard_doc,10011,Standard Listing Checklist,standard,transactionType,Listing,listing,Final Contract Documents,Completed (currently one box checked on spreadsheet),true,,Light Grey,
standard_doc,10011,Standard Listing Checklist,standard,transactionType,Listing,listing,Final Contract Documents,Completed and Uploaded (Curently both boxes are checked on spreadsheet),true,,Dark Grey,
optional_doc,,,,,,,Listing Disclosure,[AAA] Additional Agent Acknowledgment - RLA,false,,Listing Disclosure,
optional_doc,,,,,,,Seller Disclosure,[AAA] Additional Agent Acknowledgment - RPA - Lisitng Agent,false,,Seller Disclosure,
optional_doc,,,,,,,In-Escrow Disclosure,[AAA] Additional Agent Acknowledgment - RPA - Buyer's Agent,false,,In-Escrow Disclosure,
optional_doc,,,,,,,Listing Disclosure and Seller Disclosure,[TA] Trust Advisory,false,,Listing Disclosure and Seller Disclosure,
optional_doc,,,,,,,Listing Document,[RCSD-S] Representative Capacity Signature Disclosure for Sellers - RLA,false,,Listing Document,
optional_doc,,,,,,,If Applicable,[RCSD-S] Representative Capacity Signature Disclosure for Sellers - RPA,false,,,
optional_doc,,,,,,,Seller Disclosure - Needs Completion,[LPD] Lead Based Paint & Lead Based Hazard Disclosure,false,,Seller Disclosure - Needs Completion,
optional_doc,,,,,,,Seller Disclosure - Needs Completion,Residential Earthquake Risk Disclosure Statement,false,,Seller Disclosure - Needs Completion,
optional_doc,,,,,,,Seller Disclosure - Needs Completion,[PSD] Parking and Storage Disclosure,false,,Seller Disclosure - Needs Completion,
optional_doc,,,,,,,Seller Disclosure - Needs Completion,[SOLAR] Solar Advisory and Questionnaire,false,,Seller Disclosure - Needs Completion,
optional_doc,,,,,,,Seller Disclosure - Needs Completion,[FHDS] Fire Hazard and Defensible Space Disclosure and Addendum,false,,Seller Disclosure - Needs Completion,
optional_doc,,,,,,,Seller Disclosure - Standard Disclosure,Protect Your Family from Lead in Your Home,false,,Seller Disclosure - Standard Disclosure,
optional_doc,,,,,,,Seller Disclosure - Standard Disclosure,Well Pamphlet and Receipt,false,,Seller Disclosure - Standard Disclosure,
optional_doc,,,,,,,Seller Disclosure - Standard Disclosure,Septic Pamphlet and Receipt,false,,Seller Disclosure - Standard Disclosure,
optional_doc,,,,,,,Other Contract Documents,[FVAC] FHA/VA Amendatory Clause,false,,Other Contract Documents,
conditional_action,10013,"When Exempt Seller is ""yes""",conditional,exemptSeller,Yes,,,[ESD] Exempt Seller Disclosure,,add-required,is Required,
conditional_action,10013,"When Exempt Seller is ""yes""",conditional,exemptSeller,Yes,,,[WCMD] Water Conserving Plumbing Fixtures & Carbon Monoxide Notice,,add-required,is Required,
conditional_action,10013,"When Exempt Seller is ""yes""",conditional,exemptSeller,Yes,,,[WHSD] Water Heater and Smoke Detector Disclosure,,add-required,is Required,
conditional_action,10013,"When Exempt Seller is ""yes""",conditional,exemptSeller,Yes,,,[TA] Trust Advisory,,add-required,"is Required, IF Seller Entity is also a Trust",
conditional_action,10013,"When Exempt Seller is ""yes""",conditional,exemptSeller,Yes,,,[TDS] Transfer Disclosure Statement,,mark-na,is N/A (removed from the checklist),
conditional_action,10013,"When Exempt Seller is ""yes""",conditional,exemptSeller,Yes,,,[SPQ] Seller Property Questionnaire,,mark-na,is N/A (removed from the checklist),
conditional_action,10013,"When Exempt Seller is ""yes""",conditional,exemptSeller,Yes,,,Residential Earthquake Risk Disclosure Statement,,mark-na,is N/A (removed from the checklist),
conditional_action,10013,"When Exempt Seller is ""yes""",conditional,exemptSeller,Yes,,,[FHDS] Fire Hazard and Defensible Space Disclosure and Addendum,,mark-na,is N/A (removed from the checklist),
conditional_action,10014,If HOA is yes,conditional,hoa,Yes,,,HOA Documents (#),,add-required,is Required,
conditional_action,10014,If HOA is yes,conditional,hoa,Yes,,,HOA-IR,,add-required,is Required,
conditional_action,10014,If HOA is yes,conditional,hoa,Yes,,,HOA-RS,,add-required,is Required,
conditional_action,10014,If HOA is yes,conditional,hoa,Yes,,,HOA-RN,,add-required,is Required,
conditional_action,10014,If HOA is yes,conditional,hoa,Yes,,,[BHAA] Buyer's Homeowners Association Advisory,,add-required,is Required,
conditional_action,10015,"If Tenant Occupied is ""yes""",conditional,tenantOccupied,Yes,,,[KLA] Keysafe and Lockbox Addendum (signed by tenant),,add-required,"Is Required, Listing Files only",
conditional_action,10015,"If Tenant Occupied is ""yes""",conditional,tenantOccupied,Yes,,,Tenant Acknowledgement of Obligation to Secure Belongings (signed by Tenant),,add-required,"Is Required, Listing Files only",
conditional_action,10015,"If Tenant Occupied is ""yes""",conditional,tenantOccupied,Yes,,,[TOPA] Tenant Occupied Property Addendum,,add-required,Is Required,
conditional_action,10015,"If Tenant Occupied is ""yes""",conditional,tenantOccupied,Yes,,,[TEC] Tenant Estoppel Certificate,,add-required,"Is Required, if Tenant will stay in place at COE",
conditional_action,10016,"If property type is ""Vacant Land""",conditional,propertyType,Vacant Land,,,[TDS] Transfer Disclosure Statement,,mark-na,is N/A (removed from the checklist),
conditional_action,10016,"If property type is ""Vacant Land""",conditional,propertyType,Vacant Land,,,[SPQ] Seller Property Questionnaire,,mark-na,is N/A (removed from the checklist),
conditional_action,10016,"If property type is ""Vacant Land""",conditional,propertyType,Vacant Land,,,Residential Earthquake Risk Disclosure Statement,,mark-na,is N/A (removed from the checklist),
conditional_action,10016,"If property type is ""Vacant Land""",conditional,propertyType,Vacant Land,,,[FHDS] Fire Hazard and Defensible Space Disclosure and Addendum,,mark-na,is N/A (removed from the checklist),
conditional_action,10016,"If property type is ""Vacant Land""",conditional,propertyType,Vacant Land,,,[RLA] Residential Listing Agreement,,mark-na,is N/A (removed from the checklist),
conditional_action,10016,"If property type is ""Vacant Land""",conditional,propertyType,Vacant Land,,,[SA] Seller's Advisory,,mark-na,is N/A (removed from the checklist),
conditional_action,10016,"If property type is ""Vacant Land""",conditional,propertyType,Vacant Land,,,[VLLA] Vacant Land Listing Agreement,,add-required,Is Required,
conditional_action,10016,"If property type is ""Vacant Land""",conditional,propertyType,Vacant Land,,,[SVLA] Seller Vacant Land Advisory,,add-required,Is Required,
conditional_action,10016,"If property type is ""Vacant Land""",conditional,propertyType,Vacant Land,,,[RPA] Residential Purchase Agreement,,mark-na,is N/A (removed from the checklist),
conditional_action,10016,"If property type is ""Vacant Land""",conditional,propertyType,Vacant Land,,,[BIA] Buyer Inspection Advisory,,mark-na,is N/A (removed from the checklist),
conditional_action,10016,"If property type is ""Vacant Land""",conditional,propertyType,Vacant Land,,,[VLPA] Vacant Land Purchase Agreement,,add-required,Is Required,
conditional_action,10016,"If property type is ""Vacant Land""",conditional,propertyType,Vacant Land,,,[BVLIA] Buyer’s Additional Vacant Land Inspection Advisory,,add-required,Is Required,
conditional_action,10017,If County is Marin,conditional,county,Marin,,,City Re-Sale Inspection Report,,add-required,Is Required,
conditional_action,10017,If County is Marin,conditional,county,Marin,,,Corte Madera/Larkspur Central Marin Fire Property Resale Inspection Program,,add-required,Is Required,
conditional_action,10017,If County is Marin,conditional,county,Marin,,,Fire Inspection (San Anselmo/Fairfax),,add-required,Is Required,
conditional_action,10017,If County is Marin,conditional,county,Marin,,,Sewer Lateral,,add-required,Is Required,
conditional_action,10017,If County is Marin,conditional,county,Marin,,,Water Cert,,add-required,Is Required,
conditional_action,10018,If Dual Agency,conditional,dualAgency,Yes,,,Buyer CMA,,add-required,,
conditional_action,10018,If Dual Agency,conditional,dualAgency,Yes,,,[BRBC] Buyer Representation and Broker Compensation Agreement,,add-required,,
conditional_action,10018,If Dual Agency,conditional,dualAgency,Yes,,,Buyer's Affirmation Regarding Other Representation Agreements,,add-required,,
conditional_action,10018,If Dual Agency,conditional,dualAgency,Yes,,,[BCA] Broker Compensation Advisory,,add-required,,
